nationality,gender,test_score,english_cert,extracurricular
Non_Dutch,Female,6.7,FALSE,TRUE
Non_Dutch,Female,8.8,TRUE,TRUE
Non_Dutch,Female,5.1,FALSE,FALSE
Dutch,Female,4.8,FALSE,FALSE
Dutch,Male,6.4,FALSE,FALSE
Non_Dutch,Male,7.1,TRUE,FALSE
Non_Dutch,Male,4.9,FALSE,FALSE
Dutch,Male,4.8,FALSE,FALSE
Dutch,Female,5.1,FALSE,FALSE
Non_Dutch,Male,7.6,FALSE,TRUE
Dutch,Female,4.7,FALSE,FALSE
Non_Dutch,Female,6.8,TRUE,FALSE
Dutch,Female,4.5,TRUE,FALSE
Dutch,Female,6.7,FALSE,TRUE
Dutch,Female,5.1,TRUE,FALSE
Dutch,Female,8.5,FALSE,FALSE
Non_Dutch,Male,5,TRUE,FALSE
Dutch,Female,5.3,FALSE,FALSE
Non_Dutch,Male,6.1,TRUE,TRUE
Non_Dutch,Female,5.9,TRUE,TRUE
Dutch,Male,8.7,FALSE,FALSE
Non_Dutch,Male,7.6,FALSE,FALSE
Dutch,Female,6.9,FALSE,FALSE
Non_Dutch,Female,6.4,TRUE,TRUE
Non_Dutch,Female,8.3,TRUE,TRUE
Non_Dutch,Male,5.5,FALSE,FALSE
Dutch,Male,6.7,FALSE,FALSE
Non_Dutch,Male,6.6,TRUE,TRUE
Dutch,Female,7.5,FALSE,TRUE
Non_Dutch,Male,4.8,TRUE,TRUE
Non_Dutch,Male,7.2,TRUE,FALSE
Dutch,Female,6.6,FALSE,FALSE
Dutch,Female,7.9,TRUE,FALSE
Non_Dutch,Female,5,TRUE,TRUE
Non_Dutch,Female,6,FALSE,FALSE
Non_Dutch,Female,6.3,TRUE,FALSE
Dutch,Female,4.8,FALSE,TRUE
Non_Dutch,Female,5.4,FALSE,TRUE
Non_Dutch,Female,5.5,TRUE,TRUE
Dutch,Female,6.1,FALSE,FALSE
Non_Dutch,Female,6,FALSE,FALSE
Non_Dutch,Female,6.7,FALSE,TRUE
Non_Dutch,Male,7.3,FALSE,FALSE
Non_Dutch,Male,7.5,TRUE,TRUE
Non_Dutch,Male,7.5,TRUE,FALSE
Non_Dutch,Female,7.5,TRUE,FALSE
Non_Dutch,Female,6.7,TRUE,FALSE
Non_Dutch,Male,5.6,FALSE,TRUE
Non_Dutch,Female,6.2,FALSE,TRUE
Non_Dutch,Female,6.1,FALSE,FALSE
Dutch,Male,6.3,FALSE,FALSE
Non_Dutch,Male,8.2,TRUE,FALSE
Dutch,Female,6.7,FALSE,TRUE
Dutch,Female,8.9,FALSE,FALSE
Non_Dutch,Female,7.5,TRUE,TRUE
Non_Dutch,Female,4.2,TRUE,FALSE
Non_Dutch,Female,7.7,TRUE,TRUE
Non_Dutch,Male,5.8,FALSE,TRUE
Dutch,Male,7.2,FALSE,TRUE
Dutch,Female,6.9,FALSE,FALSE
Dutch,Female,8,FALSE,FALSE
Non_Dutch,Female,4.2,TRUE,FALSE
Dutch,Female,6.4,FALSE,FALSE
Dutch,Female,8.3,FALSE,FALSE
Dutch,Male,6.9,FALSE,FALSE
Non_Dutch,Male,6.3,TRUE,TRUE
Non_Dutch,Male,4.5,TRUE,FALSE
Non_Dutch,Female,7.5,TRUE,TRUE
Non_Dutch,Male,5.7,TRUE,FALSE
Non_Dutch,Male,6.7,FALSE,FALSE
Dutch,Female,6.6,TRUE,FALSE
Non_Dutch,Male,6.8,TRUE,TRUE
Dutch,Male,5.2,FALSE,FALSE
Dutch,Female,5.6,FALSE,TRUE
Non_Dutch,Male,7.2,TRUE,TRUE
Dutch,Male,5.5,FALSE,TRUE
Non_Dutch,Female,7.5,TRUE,TRUE
Non_Dutch,Female,7.7,TRUE,FALSE
Dutch,Female,5.1,FALSE,FALSE
Non_Dutch,Female,6.9,FALSE,TRUE
Non_Dutch,Male,8.6,FALSE,TRUE
Non_Dutch,Female,6.9,FALSE,TRUE
Dutch,Male,7.6,FALSE,FALSE
Non_Dutch,Male,5.6,TRUE,FALSE
Dutch,Male,3.2,FALSE,TRUE
Dutch,Male,6.6,FALSE,TRUE
Non_Dutch,Male,7.1,FALSE,FALSE
Non_Dutch,Female,5.5,TRUE,TRUE
Dutch,Male,5.7,FALSE,FALSE
Dutch,Female,5.3,FALSE,FALSE
Non_Dutch,Female,6.1,FALSE,TRUE
Non_Dutch,Male,8.1,TRUE,TRUE
Non_Dutch,Male,4.8,FALSE,TRUE
Dutch,Male,7.3,FALSE,FALSE
Non_Dutch,Female,7.4,TRUE,TRUE
Dutch,Male,5.3,FALSE,FALSE
Non_Dutch,Female,4.3,TRUE,FALSE
Dutch,Female,8.8,FALSE,FALSE
Non_Dutch,Female,7.1,TRUE,TRUE
Dutch,Male,5.9,FALSE,FALSE
Dutch,Female,7,FALSE,FALSE
Non_Dutch,Female,7,TRUE,FALSE
Non_Dutch,Male,6.7,FALSE,TRUE
Dutch,Female,8.4,FALSE,FALSE
Non_Dutch,Female,7,FALSE,FALSE
Dutch,Male,7.1,FALSE,FALSE
Non_Dutch,Female,5.9,TRUE,TRUE
Non_Dutch,Female,2.7,TRUE,FALSE
Non_Dutch,Male,4.3,TRUE,FALSE
Dutch,Female,6.9,FALSE,FALSE
Dutch,Female,8.2,FALSE,FALSE
Non_Dutch,Male,7,FALSE,FALSE
Non_Dutch,Female,7,TRUE,FALSE
Dutch,Female,7.3,TRUE,FALSE
Dutch,Male,7.2,FALSE,FALSE
Dutch,Female,5.5,FALSE,FALSE
Dutch,Male,4.4,FALSE,TRUE
Dutch,Male,9.2,FALSE,FALSE
Non_Dutch,Male,4.9,TRUE,TRUE
Dutch,Female,5.1,FALSE,FALSE
Dutch,Female,6.4,TRUE,FALSE
Dutch,Female,8.4,FALSE,FALSE
Dutch,Female,9.4,FALSE,TRUE
Non_Dutch,Female,8.5,FALSE,TRUE
Non_Dutch,Male,5.6,TRUE,TRUE
Dutch,Male,7.8,FALSE,TRUE
Non_Dutch,Male,10,TRUE,TRUE
Non_Dutch,Female,6.1,TRUE,FALSE
Dutch,Female,8.5,FALSE,FALSE
Dutch,Male,8.5,TRUE,FALSE
Dutch,Male,4.7,FALSE,FALSE
Non_Dutch,Male,5.8,FALSE,TRUE
Non_Dutch,Female,7.7,TRUE,FALSE
Dutch,Female,5.2,FALSE,FALSE
Non_Dutch,Male,4.3,FALSE,TRUE
Dutch,Male,5.4,FALSE,FALSE
Non_Dutch,Male,5.1,TRUE,TRUE
Dutch,Male,4.4,FALSE,FALSE
Dutch,Male,3.2,FALSE,TRUE
Non_Dutch,Male,7,TRUE,TRUE
Non_Dutch,Male,5.1,TRUE,FALSE
Dutch,Female,5.3,FALSE,FALSE
Non_Dutch,Female,4.8,TRUE,TRUE
Dutch,Male,9,FALSE,TRUE
Dutch,Female,9.3,TRUE,FALSE
Non_Dutch,Female,8.5,FALSE,TRUE
Non_Dutch,Male,6.6,FALSE,TRUE
Non_Dutch,Female,4.9,FALSE,TRUE
Dutch,Female,7.5,FALSE,FALSE
Non_Dutch,Male,6.1,TRUE,TRUE
Non_Dutch,Male,5.2,TRUE,FALSE
Non_Dutch,Female,7.6,TRUE,FALSE
Non_Dutch,Female,6.1,FALSE,TRUE
Dutch,Female,4.7,FALSE,FALSE
Dutch,Male,8,FALSE,TRUE
Dutch,Female,6.4,FALSE,FALSE
Dutch,Male,4.8,FALSE,FALSE
Non_Dutch,Female,6.9,FALSE,TRUE
Dutch,Female,7.9,FALSE,FALSE
Non_Dutch,Male,7.6,FALSE,TRUE
Dutch,Female,6.9,FALSE,FALSE
Non_Dutch,Male,5.3,FALSE,TRUE
Dutch,Female,5,FALSE,FALSE
Dutch,Female,6.3,FALSE,FALSE
Non_Dutch,Female,5.9,TRUE,FALSE
Non_Dutch,Male,4.9,FALSE,TRUE
Dutch,Female,5.1,FALSE,TRUE
Dutch,Female,4.8,FALSE,FALSE
Non_Dutch,Female,6.9,FALSE,TRUE
Dutch,Female,7.2,FALSE,FALSE
Dutch,Male,6.2,FALSE,FALSE
Non_Dutch,Female,9.1,FALSE,FALSE
Dutch,Male,5.7,FALSE,TRUE
Dutch,Female,9,TRUE,FALSE
Non_Dutch,Male,7.8,FALSE,TRUE
Dutch,Female,3.6,FALSE,FALSE
Non_Dutch,Male,7.8,TRUE,FALSE
Non_Dutch,Female,6,FALSE,TRUE
Dutch,Male,5.7,FALSE,FALSE
Dutch,Female,6.5,FALSE,FALSE
Non_Dutch,Male,6.5,TRUE,TRUE
Non_Dutch,Male,6.1,TRUE,FALSE
Non_Dutch,Female,8.3,TRUE,TRUE
Non_Dutch,Female,6,FALSE,FALSE
Non_Dutch,Female,7.9,FALSE,TRUE
Non_Dutch,Female,4.2,TRUE,FALSE
Dutch,Male,7.1,FALSE,FALSE
Dutch,Female,6,FALSE,FALSE
Non_Dutch,Female,5.9,FALSE,TRUE
Dutch,Female,6.9,FALSE,FALSE
Non_Dutch,Male,3.5,TRUE,FALSE
Non_Dutch,Male,8,FALSE,TRUE
Non_Dutch,Female,7,TRUE,FALSE
Non_Dutch,Female,4.7,TRUE,TRUE
Dutch,Male,6.9,FALSE,FALSE
Non_Dutch,Male,4.3,TRUE,FALSE
Non_Dutch,Male,8.3,TRUE,TRUE
Dutch,Female,5.7,FALSE,FALSE
Non_Dutch,Male,6.8,TRUE,FALSE
Non_Dutch,Female,7.7,TRUE,FALSE
Non_Dutch,Female,6.4,TRUE,TRUE
Non_Dutch,Male,5.8,TRUE,TRUE
Non_Dutch,Male,5.5,TRUE,TRUE
Non_Dutch,Male,8,FALSE,FALSE
Non_Dutch,Male,5.7,FALSE,FALSE
Dutch,Female,6.3,FALSE,FALSE
Non_Dutch,Male,5.8,FALSE,TRUE
Non_Dutch,Female,7.1,FALSE,TRUE
Non_Dutch,Male,7.2,FALSE,FALSE
Dutch,Female,8.8,FALSE,FALSE
Non_Dutch,Female,5.4,TRUE,FALSE
Dutch,Male,7.2,TRUE,TRUE
Non_Dutch,Male,5.9,TRUE,FALSE
Dutch,Female,5.9,TRUE,FALSE
Dutch,Male,6.1,FALSE,FALSE
Dutch,Female,4.2,FALSE,FALSE
Non_Dutch,Male,6.9,FALSE,FALSE
Dutch,Female,6.2,FALSE,TRUE
Dutch,Female,9.3,FALSE,FALSE
Non_Dutch,Female,6.3,FALSE,FALSE
Non_Dutch,Female,6.6,TRUE,FALSE
Dutch,Female,6.4,FALSE,FALSE
Non_Dutch,Male,3.7,FALSE,TRUE
Dutch,Female,6.9,FALSE,FALSE
Non_Dutch,Male,4.4,FALSE,TRUE
Non_Dutch,Female,7.1,TRUE,TRUE
Non_Dutch,Male,5,FALSE,FALSE
Non_Dutch,Female,7.5,TRUE,TRUE
Dutch,Female,3.9,FALSE,FALSE
Non_Dutch,Male,6.2,TRUE,TRUE
Dutch,Female,5.5,FALSE,FALSE
Dutch,Female,8.3,FALSE,FALSE
Non_Dutch,Male,8.6,FALSE,TRUE
Dutch,Male,7.7,FALSE,TRUE
Dutch,Female,6,FALSE,FALSE
Dutch,Female,10,FALSE,FALSE
Non_Dutch,Female,9.2,TRUE,FALSE
Dutch,Female,6.7,FALSE,FALSE
Dutch,Female,7.3,FALSE,FALSE
Non_Dutch,Male,6.3,TRUE,FALSE
Dutch,Female,8.1,FALSE,FALSE
Non_Dutch,Male,8.8,TRUE,FALSE
Dutch,Male,8.7,TRUE,FALSE
Dutch,Female,6,FALSE,FALSE
Non_Dutch,Female,6.8,FALSE,FALSE
Non_Dutch,Female,5.1,FALSE,FALSE
Non_Dutch,Female,6.5,TRUE,FALSE
Non_Dutch,Female,7.7,TRUE,FALSE
Dutch,Male,5,FALSE,TRUE
Non_Dutch,Male,8.3,TRUE,FALSE
Dutch,Male,7.5,FALSE,FALSE
Non_Dutch,Male,4.9,FALSE,TRUE
Dutch,Male,5.3,FALSE,FALSE
Dutch,Female,5,FALSE,FALSE
Dutch,Male,6.3,FALSE,FALSE
Non_Dutch,Male,7.2,FALSE,TRUE
Dutch,Male,7.2,FALSE,FALSE
Non_Dutch,Male,6.4,TRUE,FALSE
Dutch,Female,5.3,FALSE,FALSE
Dutch,Female,5.5,FALSE,FALSE
Non_Dutch,Male,6.9,FALSE,TRUE
Non_Dutch,Male,6.6,TRUE,FALSE
Non_Dutch,Female,9.4,FALSE,TRUE
Dutch,Male,6.8,FALSE,FALSE
Non_Dutch,Female,9.2,TRUE,FALSE
Non_Dutch,Female,8,TRUE,TRUE
Dutch,Male,4.9,FALSE,FALSE
Dutch,Female,6.1,FALSE,FALSE
Non_Dutch,Female,7.4,FALSE,FALSE
Dutch,Male,6.3,FALSE,FALSE
Non_Dutch,Male,9,TRUE,TRUE
Dutch,Male,8.2,FALSE,FALSE
Non_Dutch,Female,6.7,TRUE,TRUE
Non_Dutch,Female,8.4,FALSE,TRUE
Non_Dutch,Female,8.6,TRUE,TRUE
Dutch,Male,6.6,FALSE,TRUE
Non_Dutch,Female,8.5,FALSE,FALSE
Non_Dutch,Male,6.4,TRUE,FALSE
Dutch,Female,5.9,FALSE,FALSE
Non_Dutch,Male,8,TRUE,TRUE
Non_Dutch,Female,7.1,TRUE,FALSE
Non_Dutch,Female,6,FALSE,TRUE
Non_Dutch,Male,6.5,TRUE,TRUE
Dutch,Female,5.2,FALSE,FALSE
Dutch,Female,4.4,FALSE,FALSE
Dutch,Female,6.4,FALSE,FALSE
Non_Dutch,Female,8.2,FALSE,FALSE
Dutch,Male,7.8,FALSE,FALSE
Non_Dutch,Female,7.8,TRUE,TRUE
Non_Dutch,Female,7.3,FALSE,TRUE
Dutch,Female,7.1,FALSE,FALSE
Non_Dutch,Female,4,TRUE,TRUE
Non_Dutch,Male,5.9,FALSE,TRUE
Dutch,Female,6.1,FALSE,TRUE
Dutch,Male,7.3,FALSE,FALSE
Dutch,Male,3.9,FALSE,FALSE
Dutch,Female,6.9,TRUE,FALSE
Non_Dutch,Female,6.2,FALSE,FALSE
Dutch,Male,8.2,FALSE,FALSE
Non_Dutch,Male,8.3,FALSE,FALSE
Dutch,Male,7.8,FALSE,FALSE
Dutch,Male,6.1,FALSE,FALSE
Non_Dutch,Female,10,FALSE,TRUE
Non_Dutch,Male,4.7,FALSE,TRUE
Non_Dutch,Female,5.4,TRUE,FALSE
Dutch,Female,6.6,FALSE,FALSE
Non_Dutch,Male,8.8,TRUE,TRUE
Non_Dutch,Female,4.6,TRUE,FALSE
Dutch,Male,8.9,FALSE,TRUE
Dutch,Male,5.6,FALSE,FALSE
Dutch,Female,6.7,FALSE,FALSE
Dutch,Male,7.6,FALSE,FALSE
Dutch,Female,7.3,FALSE,FALSE
Dutch,Male,6.6,TRUE,FALSE
Dutch,Female,6.2,TRUE,TRUE
Non_Dutch,Male,7.2,FALSE,FALSE
Non_Dutch,Female,6.4,TRUE,TRUE
Dutch,Male,5.7,FALSE,FALSE
Dutch,Male,7.5,FALSE,FALSE
Dutch,Female,7.7,FALSE,FALSE
Dutch,Male,5.4,FALSE,FALSE
Dutch,Female,5.8,FALSE,FALSE
Non_Dutch,Female,7.7,TRUE,TRUE
Non_Dutch,Female,7.1,TRUE,TRUE
Non_Dutch,Male,6,TRUE,TRUE
Non_Dutch,Female,8,TRUE,FALSE
Non_Dutch,Male,8.8,TRUE,FALSE
Dutch,Female,7.4,FALSE,FALSE
Dutch,Female,8.8,FALSE,FALSE
Non_Dutch,Male,4.8,TRUE,TRUE
Dutch,Male,4.2,FALSE,TRUE
Dutch,Female,6.2,FALSE,FALSE
Dutch,Female,10,FALSE,TRUE
Non_Dutch,Male,4.3,TRUE,FALSE
Non_Dutch,Female,5.6,TRUE,FALSE
Non_Dutch,Female,7.8,TRUE,TRUE
Non_Dutch,Male,2.7,TRUE,TRUE
Dutch,Male,5.7,FALSE,FALSE
Dutch,Female,5.1,FALSE,FALSE
Dutch,Male,4.8,FALSE,FALSE
Dutch,Female,6.5,FALSE,FALSE
Non_Dutch,Male,8.4,FALSE,TRUE
Dutch,Female,6.4,FALSE,FALSE
Dutch,Female,6.2,FALSE,FALSE
Non_Dutch,Female,7.2,FALSE,TRUE
Dutch,Male,7.6,TRUE,FALSE
Non_Dutch,Male,5.3,TRUE,FALSE
Dutch,Female,5.5,FALSE,FALSE
Dutch,Female,7.3,FALSE,FALSE
Dutch,Female,6.6,FALSE,FALSE
Non_Dutch,Female,7.6,FALSE,TRUE
Non_Dutch,Female,4.4,TRUE,FALSE
Non_Dutch,Female,5.9,TRUE,TRUE
Dutch,Male,3.6,FALSE,FALSE
Non_Dutch,Female,5,TRUE,TRUE
Dutch,Male,3.1,FALSE,TRUE
Non_Dutch,Female,4.9,TRUE,TRUE
Dutch,Male,8.3,FALSE,FALSE
Dutch,Female,6.2,FALSE,FALSE
Dutch,Male,6.9,FALSE,FALSE
Non_Dutch,Male,8.6,TRUE,TRUE
Dutch,Female,7.5,FALSE,FALSE
Dutch,Male,9.3,FALSE,FALSE
Non_Dutch,Male,7.4,TRUE,TRUE
Dutch,Female,9.1,FALSE,FALSE
Non_Dutch,Female,6.3,FALSE,TRUE
Non_Dutch,Male,8.4,TRUE,TRUE
Dutch,Female,6.2,FALSE,TRUE
Dutch,Male,3.7,FALSE,FALSE
Dutch,Female,5.1,TRUE,FALSE
Non_Dutch,Male,7.1,FALSE,FALSE
Non_Dutch,Female,5.2,FALSE,TRUE
Non_Dutch,Male,8.4,FALSE,FALSE
Non_Dutch,Male,6.6,TRUE,TRUE
Non_Dutch,Male,5.9,TRUE,FALSE
Non_Dutch,Male,7.3,TRUE,TRUE
Dutch,Female,7.4,FALSE,FALSE
Dutch,Female,5.9,FALSE,FALSE
Dutch,Male,4.1,FALSE,FALSE
Non_Dutch,Female,6.8,TRUE,TRUE
Non_Dutch,Male,6.5,TRUE,FALSE
Dutch,Male,4.5,FALSE,FALSE
Non_Dutch,Male,6.2,TRUE,TRUE
Dutch,Female,4.8,FALSE,FALSE
Dutch,Female,8.6,FALSE,TRUE
Dutch,Male,6.9,FALSE,FALSE
Non_Dutch,Male,6.7,TRUE,TRUE
Dutch,Male,6.4,FALSE,TRUE
Non_Dutch,Female,4.4,FALSE,TRUE
Dutch,Female,7.3,FALSE,FALSE
Dutch,Female,2.9,FALSE,FALSE
Dutch,Female,8.1,FALSE,FALSE
Dutch,Male,6.4,FALSE,FALSE
Non_Dutch,Female,5.5,TRUE,FALSE
Dutch,Male,6.6,FALSE,FALSE
Dutch,Male,6.3,FALSE,FALSE
Dutch,Male,7.5,FALSE,TRUE
Non_Dutch,Female,3.5,FALSE,TRUE
Dutch,Female,4.7,FALSE,FALSE
Non_Dutch,Female,7.1,TRUE,TRUE
Dutch,Female,5.8,FALSE,FALSE
Non_Dutch,Female,7.3,TRUE,TRUE
Dutch,Female,6.2,TRUE,FALSE
Dutch,Male,7.5,FALSE,FALSE
Dutch,Male,7.1,FALSE,FALSE
Dutch,Female,6.7,FALSE,FALSE
Non_Dutch,Male,6.6,TRUE,TRUE
Dutch,Female,7.4,FALSE,FALSE
Dutch,Female,5.3,FALSE,TRUE
Dutch,Female,7.9,FALSE,FALSE
Non_Dutch,Female,6.3,TRUE,FALSE
Dutch,Female,7.4,FALSE,FALSE
Non_Dutch,Female,5.9,FALSE,FALSE
Non_Dutch,Female,7.6,FALSE,TRUE
Dutch,Female,6.7,FALSE,FALSE
Non_Dutch,Male,9,FALSE,TRUE
Dutch,Male,7.1,FALSE,FALSE
Dutch,Male,3.2,FALSE,FALSE
Non_Dutch,Female,4.5,TRUE,FALSE
Non_Dutch,Male,3.7,TRUE,FALSE
Non_Dutch,Male,5.6,TRUE,FALSE
Dutch,Female,5.9,FALSE,TRUE
Non_Dutch,Male,8.1,FALSE,TRUE
Dutch,Female,4.7,FALSE,FALSE
Non_Dutch,Female,5.5,TRUE,TRUE
Non_Dutch,Male,5.5,TRUE,TRUE
Dutch,Male,6,FALSE,TRUE
Dutch,Male,7,FALSE,FALSE
Non_Dutch,Female,8.4,FALSE,FALSE
Dutch,Male,9,FALSE,TRUE
Dutch,Female,5.4,FALSE,FALSE
Non_Dutch,Female,4.9,TRUE,FALSE
Dutch,Female,5.3,FALSE,TRUE
Dutch,Female,7.2,FALSE,FALSE
Non_Dutch,Male,4.7,TRUE,TRUE
Dutch,Female,7.3,FALSE,FALSE
Dutch,Male,7,FALSE,FALSE
Non_Dutch,Male,5.2,FALSE,TRUE
Dutch,Male,3,FALSE,FALSE
Dutch,Male,8.8,FALSE,FALSE
Dutch,Female,7.6,FALSE,FALSE
Dutch,Male,6.7,FALSE,TRUE
Dutch,Male,5.6,FALSE,FALSE
Dutch,Female,7.1,FALSE,FALSE
Non_Dutch,Female,5.7,TRUE,FALSE
Dutch,Female,4.9,FALSE,FALSE
Dutch,Female,6.4,FALSE,FALSE
Non_Dutch,Female,7.5,FALSE,TRUE
Dutch,Male,4.3,FALSE,FALSE
Dutch,Male,7.7,FALSE,FALSE
Dutch,Male,8,FALSE,FALSE
Dutch,Female,1.8,FALSE,FALSE
Non_Dutch,Female,9.2,TRUE,TRUE
Non_Dutch,Female,7.2,TRUE,TRUE
Dutch,Female,6.6,FALSE,FALSE
Dutch,Male,5.3,FALSE,FALSE
Dutch,Female,4.3,FALSE,FALSE
Dutch,Male,4.4,FALSE,TRUE
Non_Dutch,Female,6.1,FALSE,TRUE
Non_Dutch,Female,5,TRUE,FALSE
Dutch,Male,5.1,FALSE,FALSE
Non_Dutch,Female,6.1,TRUE,FALSE
Non_Dutch,Male,4.7,TRUE,TRUE
Dutch,Male,7.3,FALSE,FALSE
Dutch,Male,8.6,TRUE,FALSE
Non_Dutch,Male,9,TRUE,TRUE
Non_Dutch,Male,6.5,TRUE,FALSE
Dutch,Male,6.2,FALSE,FALSE
Dutch,Male,7.5,FALSE,FALSE
Non_Dutch,Male,7.7,TRUE,TRUE
Non_Dutch,Female,9.1,TRUE,TRUE
Dutch,Female,6.2,TRUE,FALSE
Non_Dutch,Female,4.9,FALSE,FALSE
Dutch,Male,6.1,FALSE,FALSE
Non_Dutch,Male,7.8,FALSE,FALSE
Non_Dutch,Female,8.3,FALSE,FALSE
Non_Dutch,Male,6.2,TRUE,TRUE
Non_Dutch,Male,7.9,FALSE,FALSE
Non_Dutch,Female,5.3,FALSE,TRUE
Dutch,Female,7,FALSE,FALSE
Dutch,Female,6.9,FALSE,FALSE
Dutch,Female,5.6,FALSE,FALSE
Dutch,Female,5.6,FALSE,FALSE
Non_Dutch,Female,4.2,TRUE,TRUE
Non_Dutch,Male,9.3,TRUE,FALSE
Non_Dutch,Male,6.7,TRUE,FALSE
Dutch,Male,5.7,FALSE,TRUE
Non_Dutch,Male,3.6,FALSE,FALSE
Non_Dutch,Female,3.7,TRUE,TRUE
Dutch,Female,8.6,FALSE,TRUE
Dutch,Female,4.8,FALSE,FALSE
Dutch,Male,6.5,FALSE,FALSE
Dutch,Female,5.4,FALSE,FALSE
Non_Dutch,Male,6.1,FALSE,FALSE
Non_Dutch,Male,6.8,FALSE,TRUE
Non_Dutch,Female,7,TRUE,FALSE
Non_Dutch,Female,6.3,FALSE,FALSE
Dutch,Female,6.7,FALSE,FALSE
Non_Dutch,Male,7.1,TRUE,FALSE
Non_Dutch,Female,8.4,FALSE,FALSE
Non_Dutch,Male,8.9,TRUE,TRUE
Non_Dutch,Female,5,FALSE,TRUE
Non_Dutch,Female,8.2,TRUE,FALSE
Non_Dutch,Male,5.7,FALSE,TRUE
Dutch,Female,6.3,FALSE,FALSE
Non_Dutch,Male,6,FALSE,FALSE
Dutch,Female,8.5,FALSE,FALSE
Non_Dutch,Female,7.9,FALSE,TRUE
Dutch,Male,8.1,FALSE,FALSE
Non_Dutch,Male,8.2,FALSE,TRUE
Dutch,Male,8.2,FALSE,FALSE
Non_Dutch,Female,7,TRUE,TRUE
Non_Dutch,Male,7.1,TRUE,FALSE
Dutch,Male,5.5,FALSE,FALSE
Dutch,Male,5.9,FALSE,TRUE
Dutch,Male,6.7,FALSE,FALSE
Non_Dutch,Female,7.1,TRUE,TRUE
Dutch,Male,5.1,FALSE,FALSE
Dutch,Female,6,FALSE,FALSE
Non_Dutch,Female,8.3,TRUE,FALSE
Dutch,Male,6.8,FALSE,TRUE
Dutch,Female,8.5,FALSE,FALSE
Dutch,Male,7.3,FALSE,FALSE
Dutch,Female,4.4,FALSE,TRUE
Dutch,Male,5,FALSE,FALSE
Dutch,Male,6.9,FALSE,TRUE
Non_Dutch,Female,5.7,FALSE,TRUE
Non_Dutch,Male,7.6,FALSE,TRUE
Non_Dutch,Female,7.7,TRUE,FALSE
Dutch,Male,4.1,FALSE,FALSE
Dutch,Male,8.4,FALSE,FALSE
Non_Dutch,Female,7.5,TRUE,FALSE
Dutch,Male,5,FALSE,FALSE
Dutch,Male,6.6,FALSE,TRUE
Dutch,Male,2.9,FALSE,FALSE
Non_Dutch,Male,3.4,TRUE,TRUE
Dutch,Male,5,FALSE,FALSE
Dutch,Male,9.7,FALSE,FALSE
Non_Dutch,Male,8,TRUE,TRUE
Dutch,Male,4.5,FALSE,FALSE
Dutch,Male,6.5,FALSE,FALSE
Non_Dutch,Female,6.2,FALSE,TRUE
Dutch,Male,6.5,FALSE,FALSE
Non_Dutch,Male,8.9,TRUE,FALSE
Dutch,Female,5.8,FALSE,TRUE
Dutch,Female,8,FALSE,TRUE
Dutch,Male,5,TRUE,TRUE
Dutch,Male,6.7,FALSE,TRUE
Non_Dutch,Male,6.2,FALSE,TRUE
Non_Dutch,Male,7.7,TRUE,TRUE
Non_Dutch,Male,7.5,TRUE,TRUE
Non_Dutch,Female,3.5,TRUE,FALSE
Dutch,Female,5.1,FALSE,TRUE
Non_Dutch,Male,8.8,TRUE,FALSE
Non_Dutch,Male,6.5,TRUE,FALSE
Non_Dutch,Male,7.1,TRUE,TRUE
Non_Dutch,Male,8.5,FALSE,FALSE
Dutch,Male,4.6,FALSE,TRUE
Non_Dutch,Female,8,TRUE,TRUE
Non_Dutch,Male,8.1,FALSE,TRUE
Dutch,Female,8,FALSE,FALSE
Dutch,Male,4.1,FALSE,FALSE
Dutch,Female,8.1,FALSE,FALSE
Dutch,Female,4.6,FALSE,TRUE
Dutch,Female,6.9,FALSE,TRUE
Non_Dutch,Female,8.2,TRUE,TRUE
Non_Dutch,Male,6.5,FALSE,TRUE
Dutch,Female,9,FALSE,TRUE
Dutch,Male,4.3,FALSE,FALSE
Non_Dutch,Male,6,FALSE,TRUE
Non_Dutch,Male,7.8,TRUE,FALSE
Non_Dutch,Female,6.7,TRUE,TRUE
Dutch,Female,5.4,FALSE,FALSE
Non_Dutch,Male,6.7,FALSE,TRUE
Dutch,Male,6.3,FALSE,TRUE
Non_Dutch,Male,6.9,TRUE,FALSE
Non_Dutch,Female,9,TRUE,TRUE
Dutch,Male,6.4,FALSE,TRUE
Dutch,Male,9,FALSE,FALSE
Dutch,Female,5.8,FALSE,FALSE
Non_Dutch,Male,6.8,TRUE,FALSE
Non_Dutch,Female,6.4,TRUE,FALSE
Dutch,Female,6.2,TRUE,FALSE
Non_Dutch,Female,7.7,TRUE,TRUE
Dutch,Male,7.3,FALSE,FALSE
Non_Dutch,Female,6.1,FALSE,TRUE
Dutch,Female,5.4,FALSE,FALSE
Non_Dutch,Female,5.9,TRUE,FALSE
Dutch,Male,5.1,TRUE,FALSE
Non_Dutch,Male,4.4,TRUE,TRUE
Dutch,Female,9.6,FALSE,FALSE
Dutch,Male,5.3,FALSE,FALSE
Dutch,Female,5.1,FALSE,FALSE
Dutch,Male,5.5,FALSE,FALSE
Dutch,Male,4.4,FALSE,TRUE
Non_Dutch,Male,7.4,TRUE,TRUE
Dutch,Female,5,FALSE,TRUE
Dutch,Female,5.9,FALSE,FALSE
Non_Dutch,Male,4.6,TRUE,FALSE
Non_Dutch,Female,6.4,TRUE,TRUE
Dutch,Male,4.7,FALSE,FALSE
Dutch,Male,6.6,FALSE,FALSE
Dutch,Male,6.2,FALSE,FALSE
Non_Dutch,Male,6.1,TRUE,FALSE
Dutch,Male,5.9,FALSE,FALSE
Non_Dutch,Female,6.9,FALSE,TRUE
Dutch,Male,6.8,FALSE,FALSE
Non_Dutch,Female,8.8,TRUE,TRUE
Non_Dutch,Female,8.8,FALSE,TRUE
Non_Dutch,Male,6.4,TRUE,FALSE
Non_Dutch,Male,9.1,FALSE,TRUE
Dutch,Male,9,FALSE,FALSE
Dutch,Male,5.7,FALSE,FALSE
Dutch,Female,4.9,FALSE,FALSE
Dutch,Female,8,FALSE,FALSE
Non_Dutch,Male,9.7,FALSE,TRUE
Non_Dutch,Male,4.8,TRUE,FALSE
Dutch,Female,5.5,FALSE,TRUE
Dutch,Female,6.8,FALSE,FALSE
Dutch,Male,8.4,TRUE,TRUE
Non_Dutch,Male,7,TRUE,TRUE
Non_Dutch,Male,5.4,FALSE,FALSE
Non_Dutch,Male,8.9,TRUE,TRUE
Non_Dutch,Female,9,FALSE,TRUE
Non_Dutch,Female,7.2,TRUE,TRUE
Non_Dutch,Female,6.2,TRUE,TRUE
Non_Dutch,Female,6.8,FALSE,TRUE
Non_Dutch,Female,7.9,FALSE,FALSE
Dutch,Male,6.1,FALSE,FALSE
Non_Dutch,Female,8,TRUE,FALSE
Non_Dutch,Female,5,TRUE,FALSE
Dutch,Female,4.9,FALSE,TRUE
Non_Dutch,Male,7.2,TRUE,TRUE
Dutch,Female,7.4,FALSE,FALSE
Non_Dutch,Female,7.8,FALSE,TRUE
Non_Dutch,Female,4.7,TRUE,FALSE
Dutch,Male,6.4,FALSE,FALSE
Dutch,Male,8.5,FALSE,FALSE
Non_Dutch,Male,5.8,TRUE,TRUE
Dutch,Male,5.7,FALSE,FALSE
Dutch,Male,5.6,FALSE,FALSE
Dutch,Female,8.8,FALSE,FALSE
Non_Dutch,Male,5.3,FALSE,FALSE
Dutch,Male,7.9,FALSE,FALSE
Non_Dutch,Female,7.4,TRUE,FALSE
Non_Dutch,Female,6.5,TRUE,FALSE
Dutch,Male,6.5,FALSE,FALSE
Non_Dutch,Male,7,TRUE,TRUE
Dutch,Male,6.9,FALSE,TRUE
Dutch,Male,7.7,FALSE,FALSE
Non_Dutch,Male,7.9,FALSE,TRUE
Dutch,Male,6.5,FALSE,TRUE
Non_Dutch,Female,8.8,FALSE,FALSE
Non_Dutch,Male,5.8,TRUE,TRUE
Non_Dutch,Female,9.7,TRUE,TRUE
Non_Dutch,Male,5,TRUE,FALSE
Non_Dutch,Female,6.7,TRUE,TRUE
Dutch,Female,6,TRUE,FALSE
Non_Dutch,Male,6.5,TRUE,FALSE
Non_Dutch,Female,3.1,TRUE,FALSE
Non_Dutch,Male,5.6,FALSE,TRUE
Dutch,Male,5.7,FALSE,FALSE
Non_Dutch,Female,6,FALSE,TRUE
Dutch,Female,5.4,FALSE,FALSE
Dutch,Female,6.2,FALSE,FALSE
Non_Dutch,Male,7.2,TRUE,TRUE
Dutch,Male,9,FALSE,FALSE
Dutch,Male,5.9,FALSE,FALSE
Non_Dutch,Female,6,TRUE,TRUE
Non_Dutch,Female,4.5,FALSE,TRUE
Dutch,Male,7.8,FALSE,FALSE
Dutch,Female,5.3,FALSE,FALSE
Dutch,Female,7.1,FALSE,FALSE
Dutch,Male,8.5,TRUE,FALSE
Non_Dutch,Male,10,FALSE,TRUE
Dutch,Male,4.1,FALSE,FALSE
Dutch,Male,7.8,FALSE,TRUE
Non_Dutch,Male,7.3,FALSE,FALSE
Non_Dutch,Male,7.3,FALSE,TRUE
Dutch,Female,8.2,FALSE,FALSE
Non_Dutch,Male,7.3,TRUE,TRUE
Non_Dutch,Female,7.5,FALSE,FALSE
Non_Dutch,Female,6.2,FALSE,TRUE
Dutch,Female,5.6,FALSE,FALSE
Dutch,Female,6.3,FALSE,FALSE
Non_Dutch,Female,5.4,FALSE,TRUE
Non_Dutch,Female,6.3,FALSE,TRUE
Non_Dutch,Male,6.5,FALSE,TRUE
Dutch,Male,5.4,FALSE,FALSE
Dutch,Female,5.6,FALSE,FALSE
Non_Dutch,Female,5.2,FALSE,TRUE
Non_Dutch,Male,5.8,FALSE,TRUE
Non_Dutch,Female,6.5,TRUE,TRUE
Non_Dutch,Male,7,FALSE,TRUE
Dutch,Male,9.8,FALSE,FALSE
Non_Dutch,Female,8.6,FALSE,TRUE
Non_Dutch,Female,6.3,TRUE,TRUE
Non_Dutch,Male,4.1,TRUE,FALSE
Dutch,Female,9.2,TRUE,FALSE
Non_Dutch,Male,5.8,FALSE,FALSE
Dutch,Female,6.7,FALSE,TRUE
Non_Dutch,Female,8.6,TRUE,TRUE
Non_Dutch,Male,4.1,FALSE,FALSE
Dutch,Male,5,FALSE,FALSE
Non_Dutch,Male,7.4,TRUE,FALSE
Dutch,Female,5.2,FALSE,FALSE
Dutch,Male,5.4,FALSE,FALSE
Dutch,Female,7.3,FALSE,FALSE
Non_Dutch,Female,7.5,TRUE,TRUE
Non_Dutch,Male,5.6,FALSE,TRUE
Dutch,Male,6.7,FALSE,TRUE
Non_Dutch,Male,6.8,FALSE,TRUE
Non_Dutch,Female,3.5,FALSE,TRUE
Non_Dutch,Female,4.6,TRUE,TRUE
Dutch,Male,4.7,FALSE,FALSE
Non_Dutch,Male,6.6,TRUE,TRUE
Dutch,Female,5.2,FALSE,FALSE
Dutch,Male,4.3,FALSE,FALSE
Dutch,Female,7.1,FALSE,FALSE
Non_Dutch,Male,5.2,TRUE,TRUE
Dutch,Male,5,FALSE,FALSE
Non_Dutch,Male,9.7,TRUE,TRUE
Dutch,Female,5.2,FALSE,FALSE
Non_Dutch,Male,3.7,TRUE,TRUE
Non_Dutch,Male,6.9,FALSE,TRUE
Non_Dutch,Male,5.3,TRUE,FALSE
Dutch,Female,7.6,FALSE,FALSE
Non_Dutch,Female,5.1,TRUE,TRUE
Dutch,Female,5.8,TRUE,FALSE
Non_Dutch,Female,8,FALSE,TRUE
Dutch,Female,4.6,FALSE,FALSE
Non_Dutch,Female,5.6,TRUE,FALSE
Non_Dutch,Female,4.4,TRUE,TRUE
Dutch,Male,9.1,FALSE,FALSE
Non_Dutch,Male,9.1,TRUE,FALSE
Non_Dutch,Female,5.6,TRUE,TRUE
Non_Dutch,Male,7.9,TRUE,TRUE
Dutch,Female,4.6,FALSE,FALSE
Dutch,Male,4.7,FALSE,FALSE
Non_Dutch,Female,5.3,TRUE,FALSE
Non_Dutch,Female,3.8,TRUE,TRUE
Non_Dutch,Female,7.2,TRUE,TRUE
Non_Dutch,Male,8.6,FALSE,TRUE
Non_Dutch,Female,5.4,TRUE,TRUE
Dutch,Female,4,FALSE,TRUE
Dutch,Male,3.6,TRUE,FALSE
Non_Dutch,Female,3.8,FALSE,TRUE
Non_Dutch,Male,9.9,TRUE,FALSE
Non_Dutch,Male,3.6,FALSE,FALSE
Dutch,Female,4.4,FALSE,FALSE
Dutch,Female,4.4,FALSE,FALSE
Non_Dutch,Female,4.3,FALSE,FALSE
Dutch,Male,8.2,FALSE,TRUE
Non_Dutch,Male,7.3,TRUE,FALSE
Non_Dutch,Female,4.8,FALSE,TRUE
Dutch,Female,4.2,FALSE,FALSE
Non_Dutch,Female,6.3,FALSE,TRUE
Non_Dutch,Female,6,FALSE,TRUE
Non_Dutch,Female,6.5,TRUE,TRUE
Dutch,Male,5.4,FALSE,TRUE
Dutch,Male,6.7,FALSE,TRUE
Dutch,Female,4.7,FALSE,FALSE
Dutch,Male,9.7,FALSE,FALSE
Dutch,Female,5.2,FALSE,FALSE
Non_Dutch,Male,4,TRUE,TRUE
Dutch,Female,6.1,FALSE,FALSE
Dutch,Male,6.4,FALSE,FALSE
Dutch,Female,6.4,FALSE,TRUE
Dutch,Female,4.7,FALSE,FALSE
Non_Dutch,Female,9,TRUE,FALSE
Dutch,Female,6.4,TRUE,FALSE
Dutch,Male,5.7,FALSE,FALSE
Non_Dutch,Male,7.7,TRUE,TRUE
Non_Dutch,Male,7.8,FALSE,TRUE
Non_Dutch,Male,6.3,FALSE,FALSE
Dutch,Male,6.4,FALSE,FALSE
Non_Dutch,Male,6.9,TRUE,TRUE
Non_Dutch,Female,5.6,FALSE,TRUE
Dutch,Male,7.3,FALSE,FALSE
Dutch,Male,7.6,FALSE,FALSE
Dutch,Male,4.8,TRUE,FALSE
Non_Dutch,Male,6.3,FALSE,TRUE
Dutch,Male,6.9,TRUE,TRUE
Dutch,Male,7.7,FALSE,FALSE
Dutch,Male,9.8,FALSE,TRUE
Dutch,Male,5.8,FALSE,FALSE
Dutch,Male,9.4,FALSE,FALSE
Non_Dutch,Female,7.8,TRUE,TRUE
Non_Dutch,Female,4.8,TRUE,FALSE
Non_Dutch,Female,7.6,FALSE,TRUE
Dutch,Female,4.5,FALSE,FALSE
Dutch,Female,6.6,FALSE,FALSE
Non_Dutch,Male,7,FALSE,TRUE
Non_Dutch,Female,5.9,TRUE,TRUE
Non_Dutch,Female,5.3,TRUE,FALSE
Dutch,Male,7.7,FALSE,TRUE
Dutch,Female,8,TRUE,FALSE
Non_Dutch,Male,6.7,TRUE,TRUE
Dutch,Female,6.5,FALSE,FALSE
Dutch,Male,9.5,FALSE,TRUE
Non_Dutch,Female,7.4,FALSE,FALSE
Dutch,Female,7.7,FALSE,FALSE
Non_Dutch,Female,5.7,FALSE,FALSE
Non_Dutch,Female,6.5,FALSE,FALSE
Non_Dutch,Male,2.4,FALSE,TRUE
Non_Dutch,Female,8.2,TRUE,FALSE
Non_Dutch,Female,8.2,TRUE,TRUE
Dutch,Female,8.1,FALSE,FALSE
Non_Dutch,Female,5.3,FALSE,TRUE
Dutch,Male,4.1,FALSE,TRUE
Dutch,Female,6.3,FALSE,FALSE
Non_Dutch,Female,5,TRUE,TRUE
Non_Dutch,Female,6,FALSE,TRUE
Non_Dutch,Female,7.6,TRUE,FALSE
Non_Dutch,Male,6.7,TRUE,TRUE
Non_Dutch,Male,5.6,TRUE,TRUE
Dutch,Male,8.6,FALSE,FALSE
Dutch,Female,6.6,FALSE,FALSE
Dutch,Male,6.4,FALSE,FALSE
Non_Dutch,Male,6.1,TRUE,TRUE
Dutch,Female,7.7,FALSE,FALSE
Dutch,Male,3.6,TRUE,FALSE
Non_Dutch,Female,6.9,FALSE,TRUE
Dutch,Male,3.9,FALSE,FALSE
Dutch,Female,7.3,FALSE,TRUE
Dutch,Male,6.1,FALSE,FALSE
Non_Dutch,Male,6.2,FALSE,FALSE
Dutch,Female,7.9,FALSE,FALSE
Dutch,Female,5.5,FALSE,TRUE
Dutch,Male,6.9,FALSE,FALSE
Non_Dutch,Male,8,TRUE,TRUE
Non_Dutch,Female,5.1,TRUE,TRUE
Dutch,Male,8.6,FALSE,FALSE
Dutch,Male,6.5,FALSE,FALSE
Non_Dutch,Female,7.9,TRUE,FALSE
Non_Dutch,Male,7,FALSE,FALSE
Non_Dutch,Female,6.4,TRUE,FALSE
Dutch,Male,7.2,FALSE,TRUE
Non_Dutch,Male,8.2,TRUE,TRUE
Non_Dutch,Female,6.9,TRUE,FALSE
Non_Dutch,Female,8.2,FALSE,FALSE
Dutch,Female,5.7,FALSE,FALSE
Dutch,Male,5.6,FALSE,TRUE
Non_Dutch,Female,9.8,FALSE,TRUE
Dutch,Female,4.9,FALSE,FALSE
Non_Dutch,Female,7.2,FALSE,TRUE
Dutch,Male,7.2,FALSE,FALSE
Dutch,Male,6.8,FALSE,TRUE
Dutch,Female,3.8,FALSE,FALSE
Dutch,Female,6.5,FALSE,FALSE
Non_Dutch,Male,5.8,TRUE,TRUE
Non_Dutch,Female,7,TRUE,FALSE
Non_Dutch,Male,8.8,TRUE,TRUE
Non_Dutch,Male,3.8,FALSE,TRUE
Dutch,Male,6.8,TRUE,FALSE
Dutch,Male,8.7,TRUE,FALSE
Dutch,Male,5.9,TRUE,FALSE
Non_Dutch,Female,5.6,FALSE,TRUE
Dutch,Male,4.2,FALSE,FALSE
Non_Dutch,Female,4.8,FALSE,FALSE
Dutch,Female,4.2,FALSE,TRUE
Non_Dutch,Male,7.6,FALSE,TRUE
Dutch,Female,5.4,FALSE,TRUE
Dutch,Male,7.9,FALSE,FALSE
Non_Dutch,Female,7.1,FALSE,TRUE
Non_Dutch,Female,7.2,FALSE,FALSE
Non_Dutch,Female,3.4,FALSE,TRUE
Dutch,Female,4.4,FALSE,FALSE
Non_Dutch,Female,8.1,FALSE,TRUE
Dutch,Female,5.7,FALSE,FALSE
Non_Dutch,Male,10,TRUE,TRUE
Dutch,Female,6,FALSE,FALSE
Non_Dutch,Male,4.6,TRUE,TRUE
Non_Dutch,Female,7.9,TRUE,TRUE
Non_Dutch,Female,5.3,FALSE,TRUE
Dutch,Male,6.8,FALSE,TRUE
Dutch,Male,8.5,FALSE,TRUE
Non_Dutch,Female,8.4,FALSE,TRUE
Dutch,Female,6.3,FALSE,FALSE
Non_Dutch,Female,7.4,FALSE,FALSE
Dutch,Female,5.8,FALSE,TRUE
Non_Dutch,Male,5.4,FALSE,TRUE
Dutch,Female,8.8,FALSE,TRUE
Dutch,Female,5,FALSE,FALSE
Dutch,Male,7.6,FALSE,FALSE
Dutch,Male,6.2,FALSE,FALSE
Non_Dutch,Male,6,TRUE,TRUE
Non_Dutch,Female,5,FALSE,TRUE
Dutch,Female,5.6,FALSE,FALSE
Dutch,Male,6.8,FALSE,FALSE
Dutch,Female,4.5,FALSE,FALSE
Non_Dutch,Male,7.2,FALSE,FALSE
Non_Dutch,Female,7,TRUE,FALSE
Non_Dutch,Female,3.3,TRUE,TRUE
Non_Dutch,Female,8.7,TRUE,TRUE
Dutch,Female,5.7,FALSE,FALSE
Dutch,Male,8.7,FALSE,FALSE
Non_Dutch,Female,5.3,FALSE,TRUE
Dutch,Male,6.6,FALSE,FALSE
Dutch,Female,6.1,FALSE,FALSE
Non_Dutch,Male,5.2,FALSE,TRUE
Dutch,Male,4.4,FALSE,TRUE
Dutch,Male,7.4,FALSE,FALSE
Dutch,Male,4.6,FALSE,FALSE
Non_Dutch,Male,9.1,TRUE,TRUE
Non_Dutch,Female,7,TRUE,TRUE
Dutch,Male,2.6,FALSE,FALSE
Dutch,Male,5.6,FALSE,FALSE
Non_Dutch,Male,7.7,TRUE,FALSE
Dutch,Male,6.5,FALSE,FALSE
Dutch,Male,8.4,FALSE,TRUE
Dutch,Male,6.9,FALSE,FALSE
Dutch,Female,7.8,FALSE,FALSE
Non_Dutch,Female,6.9,TRUE,TRUE
Dutch,Male,6.9,FALSE,TRUE
Non_Dutch,Female,5.9,FALSE,TRUE
Non_Dutch,Female,7.2,TRUE,TRUE
Dutch,Male,5.8,FALSE,FALSE
Dutch,Male,4.2,FALSE,FALSE
Dutch,Female,7.5,FALSE,FALSE
Dutch,Female,7.8,FALSE,FALSE
Non_Dutch,Female,7,TRUE,FALSE
Non_Dutch,Male,7.3,FALSE,TRUE
Non_Dutch,Male,5.1,TRUE,TRUE
Dutch,Male,9,FALSE,TRUE
Non_Dutch,Male,5.1,FALSE,TRUE
Non_Dutch,Female,7.3,FALSE,FALSE
Dutch,Male,5.5,FALSE,FALSE
Dutch,Female,7.7,FALSE,FALSE
Dutch,Female,6,TRUE,FALSE
Non_Dutch,Male,6.4,TRUE,FALSE
Non_Dutch,Female,6.8,TRUE,TRUE
Non_Dutch,Female,8.5,FALSE,FALSE
Dutch,Male,5.9,FALSE,FALSE
Non_Dutch,Female,4.5,TRUE,FALSE
Dutch,Male,6.5,FALSE,FALSE
Dutch,Male,7.8,FALSE,FALSE
Non_Dutch,Female,9.2,FALSE,FALSE
Non_Dutch,Male,7,TRUE,FALSE
Dutch,Female,6.7,FALSE,FALSE
Non_Dutch,Male,4.5,FALSE,FALSE
Dutch,Female,7.5,FALSE,FALSE
Non_Dutch,Female,7.6,TRUE,TRUE
Non_Dutch,Female,6.7,TRUE,FALSE
Dutch,Female,7,FALSE,FALSE
Non_Dutch,Male,8.8,TRUE,TRUE
Dutch,Female,7.8,FALSE,FALSE
Dutch,Female,8,FALSE,FALSE
Non_Dutch,Male,6.9,FALSE,FALSE
Non_Dutch,Female,5.8,TRUE,FALSE
Non_Dutch,Male,7.9,FALSE,TRUE
Dutch,Female,6.1,FALSE,FALSE
Dutch,Male,9.6,FALSE,FALSE
Non_Dutch,Female,4.1,TRUE,TRUE
Dutch,Male,6.1,TRUE,FALSE
Non_Dutch,Male,7.2,FALSE,TRUE
Dutch,Female,6.5,FALSE,FALSE
Dutch,Female,6.1,FALSE,TRUE
Dutch,Male,7.5,FALSE,FALSE
Non_Dutch,Female,6.7,TRUE,FALSE
Non_Dutch,Male,5.8,TRUE,FALSE
Dutch,Female,5.4,FALSE,FALSE
Dutch,Male,4.9,FALSE,FALSE
Dutch,Male,8.3,TRUE,FALSE
Non_Dutch,Male,9.8,TRUE,FALSE
Non_Dutch,Male,5.5,FALSE,TRUE
Non_Dutch,Male,8.6,TRUE,TRUE
Non_Dutch,Male,5.9,FALSE,TRUE
Dutch,Female,7.8,FALSE,FALSE
Dutch,Male,6.3,FALSE,FALSE
Non_Dutch,Male,7.5,TRUE,TRUE
Non_Dutch,Female,6.6,FALSE,FALSE
Dutch,Female,5.9,FALSE,FALSE
Non_Dutch,Male,6.2,TRUE,FALSE
Non_Dutch,Male,9.7,TRUE,TRUE
Dutch,Male,4.1,FALSE,FALSE
Non_Dutch,Female,5,TRUE,TRUE
Non_Dutch,Female,6.2,TRUE,TRUE
Dutch,Male,6.3,FALSE,TRUE
Non_Dutch,Female,4.9,FALSE,FALSE
Non_Dutch,Male,6.3,FALSE,TRUE
Dutch,Female,6.4,FALSE,FALSE
Non_Dutch,Male,3.7,FALSE,FALSE
Non_Dutch,Male,7.6,TRUE,TRUE
Dutch,Female,4,FALSE,TRUE
Dutch,Male,5.9,FALSE,FALSE
Dutch,Female,6.6,FALSE,TRUE
Non_Dutch,Female,10,FALSE,TRUE
Dutch,Male,7.8,FALSE,FALSE
Dutch,Male,5.8,TRUE,FALSE
Dutch,Female,8.2,FALSE,FALSE
Non_Dutch,Female,7.5,FALSE,TRUE
Dutch,Male,4.8,TRUE,TRUE
Non_Dutch,Female,6.8,FALSE,TRUE
Non_Dutch,Male,7.4,FALSE,FALSE
Dutch,Female,6.5,FALSE,FALSE
Dutch,Female,4.5,FALSE,FALSE
Dutch,Male,8.5,FALSE,FALSE
Dutch,Male,6.6,FALSE,FALSE
Non_Dutch,Female,8.3,FALSE,FALSE
